cisInvcNo,intrlData,mrcNo,p_status_zad,qrCodeUrl,rcptNo,rcptSign,sdcId,vsdcRcptPbctDate,webid_zad,orig_rcptNo_zad
,,,,,,,,,,
,,,,,,,,,,
,,,,,,,,,,
,,,,,,,,,,
,,,,,,,,,,
,,,,,,,,,,
,,,,,,,,,,
,,,,,,,,,,
,,,,,,,,,,
,,,,,,,,,,
,,,,,,,,,,
,,,,,,,,,,
,,,,,,,,,,
,,,,,,,,,,
,,,,,,,,,,
,,,,,,,,,,
,,,,,,,,,,
,,,,,,,,,,
,,,,,,,,,,
,,,,,,,,,,
,,,,,,,,,,
,,,,,,,,,,
,,,,,,,,,,
,,,,,,,,,,
,,,,,,,,,,
,,,,,,,,,,
,,,,,,,,,,
,,,,,,,,,,
,,,,,,,,,,
,,,,,,,,,,
,,,,,,,,,,
,,,,,,,,,,
,,,,,,,,,,
,,,,,,,,,,
,,,,,,,,,,
,,,,,,,,,,
,,,,,,,,,,
,,,,,,,,,,
,,,,,,,,,,
,,,,,,,,,,
,,,,,,,,,,
,,,,,,,,,,
,,,,,,,,,,
,,,,,,,,,,
,,,,,,,,,,
,,,,,,,,,,
,,,,,,,,,,
,,,,,,,,,,
,,,,,,,,,,
,,,,,,,,,,
,,,,,,,,,,
,,,,,,,,,,
,,,,,,,,,,
,,,,,,,,,,
,,,,,,,,,,
,,,,,,,,,,
,,,,,,,,,,
,,,,,,,,,,
,,,,,,,,,,
,,,,,,,,,,
,,,,,,,,,,
,,,,,,,,,,
,,,,,,,,,,
,,,,,,,,,,
,,,,,,,,,,
,,,,,,,,,,
,,,,,,,,,,
,,,,,,,,,,
,,,,,,,,,,
,,,,,,,,,,
,,,,,,,,,,
,,,,,,,,,,
,,,,,,,,,,
,,,,,,,,,,
,,,,,,,,,,
,,,,,,,,,,
,,,,,,,,,,
,,,,,,,,,,
,,,,,,,,,,
,,,,,,,,,,
,,,,,,,,,,
,,,,,,,,,,
,,,,,,,,,,
,,,,,,,,,,
,,,,,,,,,,
,,,,,,,,,,
,,,,,,,,,,
,,,,,,,,,,
,,,,,,,,,,
,,,,,,,,,,
,,,,,,,,,,
,,,,,,,,,,
,,,,,,,,,,51
,,,,,,,,,,52
,,,,,,,,,,53
,,,,,,,,,,54
,,,,,,,,,,55
,,,,,,,,,,56
,,,,,,,,,,58
,,,,,,,,,,59
,,,,,,,,,,61
,,,,,,,,,,62
,,,,,,,,,,63
,,,,,,,,,,64
,,,,,,,,,,65
,,,,,,,,,,67
,,,,,,,,,,68
,,,,,,,,,,69
,,,,,,,,,,57
,,,,,,,,,,66
,,,,,,,,,,60
,,,,,,,,,,
,,,,,,,,,,
,,,,,,,,,,
,,,,,,,,,,
,,,,,,,,,,
,,,,,,,,,,
,,,,,,,,,,
,,,,,,,,,,
,,,,,,,,,,
,,,,,,,,,,
,,,,,,,,,,
,,,,,,,,,,
,,,,,,,,,,
,,,,,,,,,,
,,,,,,,,,,
,,,,,,,,,,
,,,,,,,,,,
,,,,,,,,,,
,,,,,,,,,,
,,,,,,,,,,
,,,,,,,,,,
,,,,,,,,,,
,,,,,,,,,,
,,,,,,,,,,
,,,,,,,,,,
,,,,,,,,,,
,,,,,,,,,,
,,,,,,,,,,
,,,,,,,,,,
,,,,,,,,,,
,,,,,,,,,,
,,,,,,,,,,
,,,,,,,,,,
,,,,,,,,,,
,,,,,,,,,,
,,,,,,,,,,
,,,,,,,,,,
,,,,,,,,,,
,,,,,,,,,,
,,,,,,,,,,
,,,,,,,,,,
,,,,,,,,,,
,,,,,,,,,,
,,,,,,,,,,
,,,,,,,,,,
,,,,,,,,,,
,,,,,,,,,,
,,,,,,,,,,
,,,,,,,,,,
,,,,,,,,,,
,,,,,,,,,,
,,,,,,,,,,
,,,,,,,,,,
,,,,,,,,,,167
,,,,,,,,,,
,,,,,,,,,,
,,,,,,,,,,
,,,,,,,,,,
,,,,,,,,,,
,,,,,,,,,,
,,,,,,,,,,
,,,,,,,,,,
,,,,,,,,,,
,,,,,,,,,,
,,,,,,,,,,
,,,,,,,,,,
,,,,,,,,,,
,,,,,,,,,,
,,,,,,,,,,
,,,,,,,,,,
,,,,,,,,,,
,,,,,,,,,,
,,,,,,,,,,
,,,,,,,,,,
,,,,,,,,,,
,,,,,,,,,,
,,,,,,,,,,
,,,,,,,,,,
,,,,,,,,,,117
,,,,,,,,,,164
,,,,,,,,,,119
,,,,,,,,,,120
,,,,,,,,,,121
,,,,,,,,,,122
,,,,,,,,,,123
,,,,,,,,,,124
,,,,,,,,,,134
,,,,,,,,,,125
,,,,,,,,,,126
,,,,,,,,,,127
,,,,,,,,,,128
,,,,,,,,,,133
,,,,,,,,,,129
,,,,,,,,,,130
,,,,,,,,,,131
,,,,,,,,,,132
,,,,,,,,,,135
,,,,,,,,,,146
,,,,,,,,,,147
,,,,,,,,,,148
,,,,,,,,,,138
,,,,,,,,,,163
,,,,,,,,,,145
,,,,,,,,,,144
,,,,,,,,,,141
,,,,,,,,,,157
,,,,,,,,,,156
,,,,,,,,,,162
,,,,,,,,,,149
,,,,,,,,,,140
,,,,,,,,,,142
,,,,,,,,,,151
,,,,,,,,,,150
,,,,,,,,,,154
,,,,,,,,,,161
,,,,,,,,,,152
,,,,,,,,,,155
,,,,,,,,,,153
,,,,,,,,,,136
,,,,,,,,,,139
,,,,,,,,,,159
,,,,,,,,,,160
,,,,,,,,,,137
,,,,,,,,,,165
,,,,,,,,,,143
,,,,,,,,,,158
,,,,,,,,,,
,,,,,,,,,,
,,,,,,,,,,
,,,,,,,,,,
,,,,,,,,,,
,,,,,,,,,,
,,,,,,,,,,
,,,,,,,,,,
,,,,,,,,,,
,,,,,,,,,,
,,,,,,,,,,
,,,,,,,,,,
,,,,,,,,,,
,,,,,,,,,,
,,,,,,,,,,
,,,,,,,,,,
,,,,,,,,,,
,,,,,,,,,,
,,,,,,,,,,
,,,,,,,,,,
,,,,,,,,,,
,,,,,,,,,,
,,,,,,,,,,
,,,,,,,,,,
,,,,,,,,,,
,,,,,,,,,,
,,,,,,,,,,
,,,,,,,,,,
,,,,,,,,,,
,,,,,,,,,,
,,,,,,,,,,
,,,,,,,,,,
,,,,,,,,,,
,,,,,,,,,,
,,,,,,,,,,
,,,,,,,,,,
,,,,,,,,,,
,,,,,,,,,,
,,,,,,,,,,
,,,,,,,,,,
,,,,,,,,,,
,,,,,,,,,,
,,,,,,,,,,
,,,,,,,,,,
,,,,,,,,,,
,,,,,,,,,,
,,,,,,,,,,
,,,,,,,,,,
,,,,,,,,,,
,,,,,,,,,,282
,,,,,,,,,,
,,,,,,,,,,284
,,,,,,,,,,287
,,,,,,,,,,286
,,,,,,,,,,288
,,,,,,,,,,289
,,,,,,,,,,291
,,,,,,,,,,261
,,,,,,,,,,262
,,,,,,,,,,264
,,,,,,,,,,274
,,,,,,,,,,275
,,,,,,,,,,273
,,,,,,,,,,277
,,,,,,,,,,278
,,,,,,,,,,280
,,,,,,,,,,279
,,,,,,,,,,299
,,,,,,,,,,265
,,,,,,,,,,298
,,,,,,,,,,269
,,,,,,,,,,268
,,,,,,,,,,301
,,,,,,,,,,300
,,,,,,,,,,303
,,,,,,,,,,304
,,,,,,,,,,260
,,,,,,,,,,267
,,,,,,,,,,305
,,,,,,,,,,292
,,,,,,,,,,306
,,,,,,,,,,307
,,,,,,,,,,293
,,,,,,,,,,295
,,,,,,,,,,283
,,,,,,,,,,290
,,,,,,,,,,263
,,,,,,,,,,285
,,,,,,,,,,276
,,,,,,,,,,308
,,,,,,,,,,294
,,,,,,,,,,296
,,,,,,,,,,271
,,,,,,,,,,272
,,,,,,,,,,270
,,,,,,,,,,302
,,,,,,,,,,297
,,,,,,,,,,266
,,,,,,,,,,281
